year,avg_rate
2015,10.345196832132594
2016,10.301840564188803
2017,10.739144581650052
2018,11.196799927112925
2019,11.316622064768945
2020,10.95046711816185
2021,12.026379821125628
2022,11.441367528044355
